term,voltype,bidvol,askvol,midvol,date,windcode,time
1080D,ATM,3.6,4.1,3.85,2025-12-19,USDCNY.IB,16:00:00
1080D,25D Put,3.67,4.145,3.9075,2025-12-19,USDCNY.IB,16:00:00
1080D,10D RR,-0.1,1.2,0.55,2025-12-19,USDCNY.IB,16:00:00
1080D,25D BF,0.17,0.47,0.32,2025-12-19,USDCNY.IB,16:00:00
1080D,10D Put,4.25,4.58,4.415,2025-12-19,USDCNY.IB,16:00:00
1080D,10D Call,4.15,5.78,4.965,2025-12-19,USDCNY.IB,16:00:00
1080D,25D Call,3.87,4.995,4.4325,2025-12-19,USDCNY.IB,16:00:00
1080D,10D BF,0.6,1.08,0.84,2025-12-19,USDCNY.IB,16:00:00
1080D,25D RR,0.2,0.85,0.525,2025-12-19,USDCNY.IB,16:00:00
14D,25D Put,1.85,2.275,2.075,2025-12-19,USDCNY.IB,16:00:00
14D,10D RR,-1.6,-0.6,-1.1,2025-12-19,USDCNY.IB,16:00:00
14D,25D BF,0.1,0.2,0.15,2025-12-19,USDCNY.IB,16:00:00
14D,10D Call,0.95,2.1,1.525,2025-12-19,USDCNY.IB,16:00:00
14D,25D Call,1.45,1.925,1.675,2025-12-19,USDCNY.IB,16:00:00
14D,10D BF,0.2,0.5,0.35,2025-12-19,USDCNY.IB,16:00:00
14D,ATM,1.55,1.9,1.725,2025-12-19,USDCNY.IB,16:00:00
14D,10D Put,2.55,2.7,2.625,2025-12-19,USDCNY.IB,16:00:00
14D,25D RR,-0.4,-0.35,-0.4,2025-12-19,USDCNY.IB,16:00:00
180D,ATM,2.925,2.925,2.925,2025-12-19,USDCNY.IB,16:00:00
180D,10D Put,3.79,3.79,3.79,2025-12-19,USDCNY.IB,16:00:00
180D,25D BF,0.255,0.255,0.255,2025-12-19,USDCNY.IB,16:00:00
180D,10D BF,0.6025,0.6025,0.6025,2025-12-19,USDCNY.IB,16:00:00
180D,10D Call,3.265,3.265,3.265,2025-12-19,USDCNY.IB,16:00:00
180D,25D RR,-0.5201,-0.5201,-0.5201,2025-12-19,USDCNY.IB,16:00:00
180D,25D Call,2.9199,2.9199,2.9199,2025-12-19,USDCNY.IB,16:00:00
180D,25D Put,3.4401,3.4401,3.4401,2025-12-19,USDCNY.IB,16:00:00
180D,10D RR,-0.525,-0.525,-0.525,2025-12-19,USDCNY.IB,16:00:00
1D,10D Call,2.8,2.8,2.8,2025-12-19,USDCNY.IB,16:00:00
1D,10D Put,3.8,3.8,3.8,2025-12-19,USDCNY.IB,16:00:00
1D,10D RR,-1.0,-1.0,-1.0,2025-12-19,USDCNY.IB,16:00:00
1D,25D RR,-0.75,-0.75,-0.75,2025-12-19,USDCNY.IB,16:00:00
1D,ATM,2.5,2.5,2.5,2025-12-19,USDCNY.IB,16:00:00
1D,25D Put,3.325,3.325,3.325,2025-12-19,USDCNY.IB,16:00:00
1D,25D BF,0.45,0.45,0.45,2025-12-19,USDCNY.IB,16:00:00
1D,10D BF,0.8,0.8,0.8,2025-12-19,USDCNY.IB,16:00:00
1D,25D Call,2.575,2.575,2.575,2025-12-19,USDCNY.IB,16:00:00
21D,ATM,1.45,2.0,1.725,2025-12-19,USDCNY.IB,16:00:00
21D,10D RR,-0.86,-0.825,-0.85,2025-12-19,USDCNY.IB,16:00:00
21D,25D Put,2.1,2.35,2.225,2025-12-19,USDCNY.IB,16:00:00
21D,10D Put,2.08,2.9125,2.5,2025-12-19,USDCNY.IB,16:00:00
21D,25D BF,0.1,0.25,0.175,2025-12-19,USDCNY.IB,16:00:00
21D,10D BF,0.2,0.5,0.35,2025-12-19,USDCNY.IB,16:00:00
21D,10D Call,1.22,2.0875,1.65,2025-12-19,USDCNY.IB,16:00:00
21D,25D Call,1.0,2.15,1.575,2025-12-19,USDCNY.IB,16:00:00
21D,25D RR,-1.1,-0.2,-0.65,2025-12-19,USDCNY.IB,16:00:00
270D,10D Call,3.3,3.995,3.7225,2025-12-19,USDCNY.IB,16:00:00
270D,ATM,3.0,3.3,3.225,2025-12-19,USDCNY.IB,16:00:00
270D,10D BF,0.6,0.72,0.66,2025-12-19,USDCNY.IB,16:00:00
270D,10D Put,3.9,4.045,4.0475,2025-12-19,USDCNY.IB,16:00:00
270D,25D Put,3.4,3.645,3.6327,2025-12-19,USDCNY.IB,16:00:00
270D,25D Call,2.9,3.695,3.3373,2025-12-19,USDCNY.IB,16:00:00
270D,25D BF,0.15,0.37,0.26,2025-12-19,USDCNY.IB,16:00:00
270D,10D RR,-0.6,-0.05,-0.325,2025-12-19,USDCNY.IB,16:00:00
270D,25D RR,-0.5,0.05,-0.2954,2025-12-19,USDCNY.IB,16:00:00
30D,25D RR,-0.9,-0.4,-0.65,2025-12-19,USDCNY.IB,16:00:00
30D,25D BF,0.11,0.3,0.205,2025-12-19,USDCNY.IB,16:00:00
30D,10D BF,0.39,0.53,0.46,2025-12-19,USDCNY.IB,16:00:00
30D,10D RR,-0.865,-0.85,-0.86,2025-12-19,USDCNY.IB,16:00:00
30D,10D Put,2.3225,2.955,2.64,2025-12-19,USDCNY.IB,16:00:00
30D,10D Call,1.4575,2.105,1.78,2025-12-19,USDCNY.IB,16:00:00
30D,25D Call,1.16,2.1,1.63,2025-12-19,USDCNY.IB,16:00:00
30D,ATM,1.5,2.0,1.75,2025-12-19,USDCNY.IB,16:00:00
30D,25D Put,2.06,2.5,2.28,2025-12-19,USDCNY.IB,16:00:00
360D,10D BF,0.63,0.76,0.695,2025-12-19,USDCNY.IB,16:00:00
360D,10D RR,-0.45,0.05,-0.2,2025-12-19,USDCNY.IB,16:00:00
360D,25D Call,3.2,3.93,3.565,2025-12-19,USDCNY.IB,16:00:00
360D,25D BF,0.15,0.38,0.265,2025-12-19,USDCNY.IB,16:00:00
360D,25D RR,-0.3,0.1,-0.1,2025-12-19,USDCNY.IB,16:00:00
360D,25D Put,3.5,3.83,3.665,2025-12-19,USDCNY.IB,16:00:00
360D,10D Call,3.605,4.285,3.945,2025-12-19,USDCNY.IB,16:00:00
360D,10D Put,4.055,4.235,4.145,2025-12-19,USDCNY.IB,16:00:00
360D,ATM,3.2,3.5,3.35,2025-12-19,USDCNY.IB,16:00:00
540D,10D BF,0.58,0.95,0.765,2025-12-19,USDCNY.IB,16:00:00
540D,25D BF,0.16,0.4,0.28,2025-12-19,USDCNY.IB,16:00:00
540D,ATM,3.3,3.7,3.5,2025-12-19,USDCNY.IB,16:00:00
540D,10D Put,4.03,4.15,4.09,2025-12-19,USDCNY.IB,16:00:00
540D,25D Call,3.46,4.4,3.93,2025-12-19,USDCNY.IB,16:00:00
540D,10D RR,-0.3,1.0,0.35,2025-12-19,USDCNY.IB,16:00:00
540D,25D Put,3.46,3.8,3.63,2025-12-19,USDCNY.IB,16:00:00
540D,10D Call,3.73,5.15,4.44,2025-12-19,USDCNY.IB,16:00:00
540D,25D RR,0.0,0.6,0.3,2025-12-19,USDCNY.IB,16:00:00
60D,25D BF,0.11,0.31,0.21,2025-12-19,USDCNY.IB,16:00:00
60D,ATM,1.85,2.25,2.05,2025-12-19,USDCNY.IB,16:00:00
60D,25D Call,1.535,2.385,1.96,2025-12-19,USDCNY.IB,16:00:00
60D,10D BF,0.4,0.53,0.465,2025-12-19,USDCNY.IB,16:00:00
60D,10D RR,-1.3,-0.55,-0.925,2025-12-19,USDCNY.IB,16:00:00
60D,25D Put,2.385,2.735,2.56,2025-12-19,USDCNY.IB,16:00:00
60D,10D Call,1.6,2.505,2.0525,2025-12-19,USDCNY.IB,16:00:00
60D,25D RR,-0.85,-0.35,-0.6,2025-12-19,USDCNY.IB,16:00:00
60D,10D Put,2.9,3.055,2.9775,2025-12-19,USDCNY.IB,16:00:00
720D,25D Put,3.57,3.975,3.7725,2025-12-19,USDCNY.IB,16:00:00
720D,25D RR,0.1,0.75,0.425,2025-12-19,USDCNY.IB,16:00:00
720D,10D Call,3.94,5.51,4.725,2025-12-19,USDCNY.IB,16:00:00
720D,25D BF,0.17,0.45,0.31,2025-12-19,USDCNY.IB,16:00:00
720D,ATM,3.45,3.9,3.675,2025-12-19,USDCNY.IB,16:00:00
720D,25D Call,3.67,4.725,4.1975,2025-12-19,USDCNY.IB,16:00:00
720D,10D RR,-0.2,1.1,0.45,2025-12-19,USDCNY.IB,16:00:00
720D,10D BF,0.59,1.06,0.825,2025-12-19,USDCNY.IB,16:00:00
720D,10D Put,4.14,4.41,4.275,2025-12-19,USDCNY.IB,16:00:00
7D,10D Call,0.67,2.12,1.395,2025-12-19,USDCNY.IB,16:00:00
7D,10D Put,2.47,2.72,2.595,2025-12-19,USDCNY.IB,16:00:00
7D,ATM,1.45,2.0,1.725,2025-12-19,USDCNY.IB,16:00:00
7D,10D BF,0.12,0.42,0.27,2025-12-19,USDCNY.IB,16:00:00
7D,25D Put,1.85,2.35,2.1,2025-12-19,USDCNY.IB,16:00:00
7D,25D BF,0.1,0.2,0.15,2025-12-19,USDCNY.IB,16:00:00
7D,25D RR,-0.6,-0.3,-0.45,2025-12-19,USDCNY.IB,16:00:00
7D,25D Call,1.25,2.05,1.65,2025-12-19,USDCNY.IB,16:00:00
7D,10D RR,-1.8,-0.6,-1.2,2025-12-19,USDCNY.IB,16:00:00
90D,25D BF,0.234,0.234,0.234,2025-12-19,USDCNY.IB,16:00:00
90D,25D RR,-0.565,-0.565,-0.565,2025-12-19,USDCNY.IB,16:00:00
90D,25D Put,2.9165,2.9165,2.9165,2025-12-19,USDCNY.IB,16:00:00
90D,10D Call,2.525,2.525,2.525,2025-12-19,USDCNY.IB,16:00:00
90D,10D Put,3.325,3.325,3.325,2025-12-19,USDCNY.IB,16:00:00
90D,25D Call,2.3515,2.3515,2.3515,2025-12-19,USDCNY.IB,16:00:00
90D,10D RR,-0.8,-0.8,-0.8,2025-12-19,USDCNY.IB,16:00:00
90D,ATM,2.4,2.4,2.4,2025-12-19,USDCNY.IB,16:00:00
90D,10D BF,0.525,0.525,0.525,2025-12-19,USDCNY.IB,16:00:00
